State,01/13/2025,01/20/2025,01/27/2025,02/03/2025,02/10/2025,02/17/2025,02/24/2025,03/03/2025,03/10/2025,03/17/2025,03/24/2025,03/31/2025,04/07/2025,04/14/2025,04/21/2025,04/28/2025,05/05/2025,05/12/2025,05/19/2025,05/26/2025,06/02/2025,06/09/2025,06/16/2025,06/23/2025,06/30/2025,07/07/2025,07/14/2025,07/21/2025,07/28/2025,08/04/2025,08/11/2025,08/18/2025,08/25/2025,09/01/2025,09/08/2025,09/15/2025,09/22/2025,09/29/2025,10/06/2025,10/13/2025,10/20/2025,10/27/2025,11/03/2025,11/10/2025,11/17/2025,11/24/2025,12/01/2025,12/08/2025,12/15/2025,12/22/2025,12/29/2025,01/05/2026,01/12/2026,01/19/2026,01/26/2026,02/02/2026,02/09/2026,02/16/2026,02/23/2026,03/02/2026,03/09/2026,03/16/2026,03/23/2026,03/30/2026,04/06/2026,04/13/2026,04/20/2026,04/27/2026,05/04/2026,05/11/2026,05/18/2026,05/25/2026,06/01/2026,06/08/2026,06/15/2026,06/22/2026,06/29/2026,07/06/2026,07/13/2026,07/20/2026,07/27/2026,08/03/2026,08/10/2026,08/17/2026,08/24/2026,08/31/2026,09/07/2026,09/14/2026,09/21/2026,09/28/2026
Alabama,0,0,0,0,0,0,0,0,0,0,0,0,0,0,0,0,0,0,0,0,0,0,0,0,0,0,0,0,0,0,0,0,1,0,0,0,0,0,0,0,0,0,0,0,0,0,0,0,0,0,0,0,0,0,0,0,0,0,0,0,0,0,0,0,0,0,0,0,0,0,0,0,0,0,0,0,0,0,0,0,0,0,0,0,0,0,0,0,0,0
Alaska,1,1,0,0,0,0,0,0,0,0,0,0,0,0,0,0,0,0,1,0,0,0,0,0,0,0,0,0,0,0,0,0,0,0,0,0,0,0,0,1,0,0,0,0,0,0,0,0,0,0,0,0,0,0,0,0,0,0,0,0,0,0,0,0,0,0,0,0,0,0,0,0,0,0,0,0,0,0,0,0,0,0,0,0,0,0,0,0,0,0
Arizona,0,0,0,0,0,0,0,0,0,0,0,0,0,0,0,0,0,0,0,0,0,4,0,0,0,0,0,0,0,0,1,8,3,12,6,12,6,7,4,14,7,13,14,17,9,16,2,21,14,5,27,0,1,9,10,10,11,6,6,1,0,2,2,11,1,7,7,2,3,4,1,1,0,0,0,2,3,8,6,5,1,1,1,0,0,0,0,1,0,0
Arkansas,0,0,0,0,0,0,0,0,0,0,0,0,2,0,0,1,2,0,1,1,0,0,1,0,0,0,0,0,0,0,0,0,0,0,0,0,0,0,0,0,0,0,0,0,0,0,0,0,0,0,0,0,0,0,0,0,0,0,0,0,0,0,0,0,0,0,0,0,0,0,0,0,0,0,0,0,0,0,0,0,0,0,0,0,0,0,0,0,0,0
California,0,0,0,0,0,0,1,0,2,3,0,3,0,0,1,0,1,0,1,0,2,1,2,0,0,0,0,2,0,0,1,0,0,0,0,0,0,1,0,1,0,0,0,0,0,0,0,1,1,1,0,0,0,2,6,1,10,2,1,6,0,0,5,0,2,5,3,4,1,0,1,0,0,1,0,1,0,1,0,1,0,4,0,2,0,0,0,0,0,0
Colorado,0,0,0,0,0,0,0,0,0,0,0,1,2,0,2,0,0,1,0,2,5,3,0,0,0,0,0,0,0,0,4,1,6,0,0,0,0,0,0,4,0,0,0,1,0,0,1,0,3,0,0,0,0,0,0,0,1,0,0,7,2,2,0,1,2,1,4,0,0,0,2,1,0,0,0,0,1,0,0,0,0,0,0,0,0,0,0,1,0,0
Connecticut,0,0,0,0,0,0,0,0,0,0,0,0,0,0,0,0,0,0,0,0,0,0,0,0,0,0,0,0,0,0,0,0,0,0,0,0,0,0,0,0,0,0,0,0,0,0,0,1,0,0,0,0,0,0,0,0,0,0,0,0,0,0,0,0,0,0,0,0,0,0,0,0,0,0,1,0,1,0,0,0,0,0,0,0,1,0,0,0,0,0
Delaware,0,0,0,0,0,0,0,0,0,0,0,0,0,0,0,0,0,0,0,0,0,0,0,0,0,0,0,0,0,0,0,0,0,0,0,0,0,0,0,0,0,0,0,0,0,0,0,0,0,0,0,0,0,0,0,0,0,0,0,0,0,0,0,0,0,0,0,0,0,0,0,0,0,0,0,0,0,0,0,4,4,0,14,0,0,1,0,0,0,0
District of Columbia,0,0,0,0,0,0,0,0,0,0,0,0,0,0,0,0,0,0,0,0,0,1,0,0,0,0,0,0,0,0,0,0,0,0,0,0,0,0,0,0,0,0,0,0,0,0,0,0,0,0,0,0,0,0,0,0,0,0,0,0,0,0,0,0,0,0,0,0,0,0,0,0,0,0,1,0,0,0,0,0,0,0,0,0,0,0,0,0,0,0
Florida,0,0,0,0,0,0,0,1,0,0,0,0,0,0,1,0,0,0,0,0,1,0,0,1,0,0,0,0,0,0,2,0,0,0,0,0,0,0,0,0,0,0,0,1,0,0,0,0,0,0,0,3,0,6,6,53,24,21,11,2,3,2,0,0,0,0,4,1,1,2,1,0,1,0,0,0,0,0,0,0,0,0,0,1,2,0,3,1,0,0
Georgia,0,0,1,0,0,0,0,0,0,0,0,2,0,0,0,0,0,0,1,0,1,0,1,0,0,0,0,0,0,0,0,0,0,0,1,0,3,0,0,0,0,0,0,0,0,0,0,0,0,0,0,0,1,0,0,0,0,1,0,0,0,0,0,0,0,0,0,0,0,0,3,0,0,0,0,0,0,0,0,0,0,0,0,2,4,3,2,0,0,5
Hawaii,0,0,0,0,0,0,0,0,0,0,0,0,1,1,0,0,0,0,0,0,0,0,0,0,0,0,0,0,0,0,0,0,0,0,0,0,0,0,0,0,0,0,0,0,0,0,0,0,0,0,0,0,0,0,0,0,0,0,0,1,0,0,0,0,0,0,0,0,0,0,0,0,0,0,0,0,0,0,0,0,0,0,0,0,0,0,0,0,0,0
Idaho,0,0,0,0,0,0,0,0,0,0,0,0,0,0,0,0,0,0,0,0,0,0,0,0,0,0,0,0,0,2,1,1,0,0,3,0,0,2,0,0,2,2,2,0,0,0,0,0,0,0,0,4,1,3,0,0,0,0,1,0,1,0,0,0,0,0,0,0,0,0,0,0,0,0,0,0,0,1,0,0,0,0,0,0,0,0,0,0,0,0
Illinois,0,0,0,0,0,0,0,0,0,0,0,0,0,0,2,5,3,0,0,0,0,0,0,0,0,0,0,0,0,0,0,0,0,0,0,1,0,1,0,0,2,0,0,0,0,0,0,0,0,0,0,0,0,0,0,0,0,2,0,0,0,0,0,2,0,0,0,0,0,0,0,0,0,0,0,0,0,0,0,0,0,0,0,0,1,5,5,7,1,0
Indiana,0,0,0,0,0,0,0,0,0,0,0,0,6,0,2,0,0,0,0,0,0,0,0,0,0,1,0,0,0,0,0,0,0,0,0,0,0,0,0,1,0,1,0,0,0,0,0,0,0,0,0,0,0,0,0,0,0,0,0,0,0,0,0,0,0,0,0,0,0,0,0,0,0,0,0,0,0,0,0,0,0,2,0,0,3,3,3,4,4,6
Iowa,0,0,0,0,0,0,0,0,0,0,0,0,0,0,0,0,0,0,1,0,0,5,0,0,0,0,1,1,0,0,0,0,0,0,0,0,0,0,0,0,0,0,0,0,0,0,0,0,1,0,0,0,0,0,0,0,0,0,0,0,0,0,0,0,0,0,0,0,0,0,0,0,0,0,0,0,0,0,0,0,0,0,0,15,2,3,2,16,0,1
Kansas,0,0,0,0,0,0,0,0,0,0,0,22,11,3,0,15,0,6,2,3,9,5,4,0,3,3,2,0,0,0,0,0,0,0,0,0,0,0,0,0,0,3,0,0,0,0,0,0,0,0,0,0,0,0,0,0,0,0,0,0,0,0,0,0,0,0,0,0,0,0,0,1,0,0,0,0,0,0,0,0,0,0,0,0,0,0,0,1,1,1
Kentucky,0,0,0,0,0,0,1,0,0,0,0,0,0,0,0,0,0,0,0,0,0,0,0,0,6,5,1,0,1,0,0,0,0,0,0,0,0,0,0,0,0,0,0,0,0,0,0,0,0,0,0,0,1,0,3,0,0,0,0,0,0,0,0,0,0,0,0,0,0,0,0,0,0,0,0,0,0,0,0,0,0,0,1,19,5,10,6,6,16,27
Louisiana,0,0,0,0,0,0,0,0,0,0,0,0,0,1,1,0,0,0,0,0,0,0,0,0,0,0,0,0,0,0,0,0,0,0,0,0,0,0,0,0,0,0,0,1,0,0,0,0,0,0,0,0,0,0,0,0,0,0,0,0,0,0,0,0,0,0,1,0,0,0,0,0,0,0,0,0,0,0,0,0,0,0,0,0,0,0,0,0,0,0
Maine,0,0,0,0,0,0,0,0,0,0,0,0,0,0,0,0,0,0,0,0,0,0,0,0,0,0,0,0,0,0,0,0,0,0,0,0,0,0,0,0,0,0,0,0,0,0,0,0,0,0,0,0,0,0,0,1,0,4,0,0,0,0,0,0,0,0,0,0,0,0,0,0,0,0,0,0,0,0,0,0,0,0,0,0,0,0,0,1,0,0
Maryland,0,0,0,0,0,0,0,1,2,0,0,0,0,0,0,0,0,0,0,0,0,0,0,0,0,0,0,0,0,0,0,0,0,0,0,0,0,0,0,0,0,0,0,0,0,0,0,0,0,0,0,0,0,0,0,0,0,0,0,0,0,0,0,0,0,1,2,0,0,0,0,0,0,0,1,0,0,0,0,0,0,0,0,0,27,9,0,1,10,4
Massachusetts,0,0,0,0,0,0,0,0,0,0,0,0,0,0,0,0,0,0,0,0,0,0,0,0,0,0,0,0,0,0,0,0,0,0,0,0,0,0,0,0,0,0,0,0,0,0,0,0,0,0,0,0,0,0,0,0,0,0,2,0,0,0,0,0,0,0,0,0,0,0,0,0,0,0,0,0,0,0,0,0,0,0,0,0,0,0,0,0,0,0
Michigan,0,0,0,0,0,0,0,0,1,0,0,2,1,3,1,0,0,0,0,1,2,1,2,2,2,0,0,4,5,0,0,0,0,0,0,0,0,0,1,0,1,0,0,0,0,0,0,0,1,0,0,0,0,0,0,0,0,0,0,0,2,1,4,1,0,0,2,0,3,0,1,0,0,0,0,0,0,0,0,0,0,1,1,0,0,0,0,0,1,0
Minnesota,0,0,0,0,0,0,0,0,0,0,1,0,0,0,1,0,0,0,0,0,2,1,0,0,0,0,0,0,0,0,0,0,0,0,0,0,3,10,2,1,0,2,0,1,0,0,2,0,0,0,0,0,0,1,0,0,1,3,5,2,2,0,0,1,0,1,0,1,0,0,0,0,0,0,0,0,0,0,0,0,0,0,0,0,0,0,0,2,0,2
Missouri,0,0,0,0,0,0,0,0,0,0,0,0,0,1,0,0,1,0,0,0,0,0,0,1,4,0,0,0,0,0,0,0,0,0,0,0,0,0,0,0,0,0,0,0,0,0,0,0,0,0,0,0,0,0,0,0,0,0,0,1,0,0,0,0,0,0,0,0,0,0,0,0,0,0,0,0,0,0,0,0,0,0,0,0,0,0,0,1,0,0
Montana,0,0,0,0,0,0,0,0,0,0,0,0,0,5,0,2,1,0,3,4,4,5,1,0,0,1,4,0,0,0,1,1,0,0,0,0,0,0,0,0,0,0,0,0,1,2,1,0,0,0,0,0,0,0,0,0,0,0,0,0,3,2,0,0,0,0,0,0,0,0,0,0,0,0,0,0,0,0,0,0,0,0,0,0,0,0,0,1,0,0
Nebraska,0,0,0,0,0,0,0,0,0,0,0,0,0,0,0,0,0,0,0,1,0,0,0,0,0,0,0,0,0,0,0,0,0,0,0,0,0,0,0,0,0,0,0,0,0,0,0,0,0,0,2,2,0,0,1,0,0,0,0,0,0,0,0,0,0,0,0,0,0,0,0,0,0,0,0,0,0,0,0,0,0,0,0,0,0,0,0,0,0,0
Nevada,0,0,0,0,0,0,0,0,0,0,0,0,0,0,0,0,0,0,0,0,0,0,0,0,0,0,0,0,0,0,0,0,0,0,0,0,0,0,0,0,0,0,1,0,0,0,0,0,0,1,0,0,0,0,0,0,0,0,0,0,0,0,0,0,0,0,0,0,0,0,0,0,0,0,0,0,0,0,0,0,0,0,0,0,0,0,0,0,0,0
New Jersey,0,0,0,0,1,2,0,0,0,0,0,0,0,0,0,0,0,0,0,0,0,0,0,0,1,1,0,0,1,0,0,1,2,1,0,0,0,0,0,0,0,1,0,0,0,0,0,0,0,0,0,0,0,0,0,0,0,0,0,0,0,0,0,0,0,0,1,0,0,0,0,0,0,0,0,0,0,0,0,0,0,0,0,0,0,0,0,0,0,0
New Mexico,0,0,0,0,3,0,0,27,2,0,0,22,4,5,3,1,4,3,4,1,2,0,0,5,9,0,0,1,1,3,0,0,0,0,0,0,0,0,0,0,0,0,0,0,0,0,0,0,0,0,0,0,0,0,0,0,0,0,6,0,7,3,0,0,0,0,0,0,0,0,0,1,0,0,0,0,0,0,0,0,0,0,1,0,0,0,1,0,0,0
New York,0,0,1,0,0,0,1,0,1,1,0,0,0,0,0,0,3,3,0,2,1,0,0,0,0,1,0,0,1,0,0,1,1,0,4,2,1,0,0,2,1,0,1,2,3,2,5,4,4,0,0,0,0,0,0,0,1,0,0,3,3,0,1,0,0,0,0,0,2,0,0,0,1,1,0,0,0,0,0,0,0,1,1,5,2,8,2,37,23,0
North Carolina,0,1,0,0,0,0,0,0,0,0,0,0,0,0,0,0,0,0,0,0,0,0,0,1,0,0,0,0,0,0,0,0,0,0,0,0,0,0,0,0,0,0,0,0,0,0,0,0,0,0,1,3,2,6,2,2,4,1,0,1,1,0,0,0,0,0,0,0,0,0,0,0,0,0,0,0,0,0,0,0,0,0,0,0,0,0,0,0,0,0
North Dakota,0,0,0,0,0,0,0,0,0,0,0,0,0,0,0,9,7,8,4,6,0,0,0,0,1,0,1,0,0,0,0,0,0,0,0,0,0,0,0,0,0,0,0,0,0,0,0,0,0,0,0,0,0,0,0,1,13,4,5,3,0,0,1,5,1,2,0,1,0,2,0,0,0,0,0,0,0,0,0,0,0,0,0,0,0,0,0,0,0,0
Ohio,0,0,0,0,0,0,2,8,1,0,0,10,12,0,0,1,0,0,1,0,0,0,0,0,0,0,0,0,0,0,0,0,3,0,0,1,1,2,1,0,1,0,0,0,0,0,0,0,0,0,3,1,0,0,1,1,3,1,0,0,2,0,0,0,0,0,0,0,0,0,0,0,0,0,0,0,0,0,3,3,25,3,17,37,8,15,11,47,17,10
Oklahoma,0,0,0,0,0,0,0,0,0,0,7,1,0,1,3,1,1,0,0,0,2,1,0,0,0,0,0,0,0,0,0,0,0,0,0,0,0,0,0,0,0,0,0,0,0,0,0,0,0,0,0,0,0,0,1,0,0,0,0,0,0,0,0,0,0,0,0,0,0,0,0,0,0,0,0,0,0,0,0,0,0,0,0,0,0,0,0,0,0,0
Oregon,0,0,0,0,0,0,0,0,0,0,0,0,0,0,0,0,0,0,0,0,0,0,0,1,0,0,0,0,0,0,0,0,0,0,0,0,0,0,0,0,0,0,0,0,0,0,0,0,0,0,0,0,3,0,2,0,0,0,1,0,0,4,1,2,1,6,0,2,0,0,1,0,0,0,0,1,0,0,7,0,0,8,6,1,4,4,3,1,0,2
Pennsylvania,0,0,0,0,0,0,1,0,0,0,4,1,2,2,0,0,3,0,0,0,0,0,0,0,0,0,0,0,0,0,0,1,0,0,0,0,0,0,0,0,0,0,0,0,0,0,0,0,2,0,0,0,0,0,0,5,1,2,1,0,0,0,0,0,0,0,0,0,11,0,0,14,23,4,3,17,5,15,7,20,36,59,69,83,82,117,99,94,124,86
Rhode Island,1,0,0,0,0,0,0,0,0,0,0,0,0,0,0,0,0,0,0,0,0,0,0,0,0,0,0,0,0,0,0,0,0,0,0,0,0,0,0,0,0,0,0,0,0,0,0,0,0,0,0,0,0,0,0,0,0,0,0,0,0,0,0,0,0,1,1,0,0,0,0,0,0,0,0,0,0,0,0,0,0,0,0,0,0,0,0,0,0,0
South Carolina,0,0,0,0,0,0,0,0,0,0,0,0,0,0,0,0,0,0,0,0,0,0,0,0,0,0,0,0,0,0,0,0,0,0,1,0,1,4,2,7,6,12,1,10,8,13,22,42,18,12,174,63,165,142,147,73,13,0,0,0,0,64,0,0,0,1,0,0,1,0,0,0,1,1,0,0,0,0,0,0,0,0,0,0,0,0,0,0,0,0
South Dakota,0,0,0,0,0,0,0,0,0,0,0,0,0,0,0,0,0,0,0,1,2,1,2,6,0,0,0,0,0,0,0,0,0,0,0,0,0,0,0,0,0,0,0,0,0,1,0,0,2,1,0,0,5,0,0,1,0,1,0,0,1,0,0,0,0,0,0,0,0,0,0,2,0,0,0,1,0,0,0,0,0,0,0,0,0,0,0,0,0,0
Tennessee,0,0,0,0,0,0,0,0,0,1,2,1,0,2,0,0,0,0,0,0,0,0,0,0,0,0,0,0,0,0,0,0,0,0,1,0,0,0,0,0,0,1,0,0,0,0,0,0,0,0,0,0,0,0,0,0,0,0,0,0,0,0,0,0,0,0,0,0,0,0,0,0,0,0,0,0,1,2,0,0,0,0,0,1,0,2,3,0,0,0
Texas,0,2,0,6,42,42,56,9,49,200,0,81,60,58,53,37,27,8,17,21,5,2,6,1,6,2,5,0,0,5,1,0,0,1,0,0,0,0,0,0,0,1,0,0,0,0,0,0,0,0,0,0,0,0,0,0,0,0,27,0,109,11,23,5,1,4,0,1,0,0,1,0,0,0,0,0,0,0,1,5,0,3,0,0,1,0,0,0,0,0
Utah,0,0,0,0,0,0,0,0,0,0,0,0,0,0,0,0,0,0,0,0,0,0,1,6,2,0,1,1,0,0,0,2,1,3,13,1,13,3,7,3,1,6,3,7,13,15,3,10,10,17,55,5,7,8,20,14,21,28,19,39,47,38,43,73,24,19,5,18,12,25,8,3,2,4,8,9,2,5,3,5,0,2,2,0,0,0,0,0,9,0
Vermont,0,0,0,0,0,0,0,0,1,0,0,0,0,0,0,0,0,0,0,0,0,0,0,0,0,0,0,0,0,0,0,0,1,0,0,0,0,0,0,0,0,0,0,0,0,0,0,0,0,0,0,0,0,0,0,0,1,0,0,0,0,0,0,0,0,0,0,0,0,0,0,0,0,0,0,0,0,0,0,0,0,0,0,0,0,0,0,0,0,0
Virginia,0,0,0,0,0,0,0,0,0,0,0,0,0,1,0,0,0,0,1,0,1,0,0,0,0,0,0,0,0,0,0,0,0,1,0,0,0,0,0,0,0,0,0,0,0,0,0,0,0,1,0,2,0,4,0,0,1,3,0,3,1,0,3,0,0,0,2,2,2,12,5,24,27,20,18,0,16,32,0,0,0,0,0,0,2,0,0,0,0,0
Washington,0,0,0,0,0,0,1,0,0,1,0,1,1,0,1,0,0,0,1,0,0,0,1,3,0,0,0,0,0,0,0,0,1,0,0,0,0,0,0,0,0,1,0,0,0,0,0,0,0,0,0,0,5,3,1,12,3,0,2,0,0,2,1,3,2,3,0,3,3,1,1,0,0,0,0,0,0,0,0,1,7,0,2,0,1,0,0,0,2,0
West Virginia,0,0,0,0,0,0,0,0,0,0,0,0,0,0,0,0,0,0,0,0,0,0,0,0,0,0,0,0,0,0,0,0,0,0,0,0,0,0,0,0,0,0,0,0,0,0,0,0,0,0,0,0,0,0,0,0,0,0,0,0,0,0,0,0,0,0,0,0,0,0,0,0,0,0,0,0,0,0,0,0,1,0,0,0,0,0,0,0,0,0
Wisconsin,0,0,0,0,0,0,0,0,0,0,0,0,0,0,0,0,0,0,0,0,0,0,0,0,0,1,4,4,0,2,13,3,8,1,0,0,0,0,0,0,0,0,0,0,0,0,0,0,0,0,0,0,1,1,0,0,0,0,0,0,0,0,0,0,0,0,0,0,0,0,0,0,0,0,0,0,0,0,0,0,0,0,21,20,51,44,19,1,7,69
Wyoming,0,0,0,0,0,0,0,0,0,0,0,0,0,0,0,0,0,0,0,0,0,0,0,0,1,1,0,1,4,0,1,0,1,0,0,0,0,0,0,0,0,0,0,0,0,0,0,0,6,0,0,0,0,0,0,0,0,0,0,0,0,0,0,0,0,0,0,1,0,0,0,0,0,0,0,1,0,1,3,0,0,0,0,0,0,0,0,0,0,0
