State,Imported,Local,Total,Recent 2 Weeks,2025,2026
U.S.,252,5816,6068,416,2286,3782
South Carolina,7,997,1004,0,333,671
Texas,8,987,995,0,803,192
Pennsylvania,8,898,906,217,16,890
Utah,0,724,724,9,197,527
Arizona,4,341,345,1,222,123
Ohio,8,234,242,64,45,197
Wisconsin,11,190,201,8,36,165
Virginia,2,182,184,0,5,179
Florida,13,142,155,4,7,148
New Mexico,1,118,119,0,100,19
New York,6,111,117,38,48,69
Kansas,0,94,94,2,91,3
California,35,49,84,0,25,59
Kentucky,3,78,81,22,14,67
North Dakota,6,68,74,0,36,38
Washington,17,53,70,2,12,58
Colorado,14,47,61,1,36,25
Oregon,1,58,59,1,1,58
Maryland,7,47,54,11,3,51
Iowa,2,45,47,16,9,38
Michigan,8,39,47,1,30,17
Minnesota,14,30,44,1,26,18
Montana,7,34,41,0,36,5
Illinois,3,34,37,8,14,23
Indiana,1,29,30,8,11,19
South Dakota,19,8,27,0,16,11
Georgia,7,19,26,0,10,16
Idaho,2,24,26,0,15,11
North Carolina,5,20,25,0,3,22
Delaware,0,23,23,0,0,23
Wyoming,2,19,21,0,15,6
Oklahoma,0,18,18,0,17,1
Tennessee,0,17,17,0,8,9
New Jersey,5,7,12,0,11,1
Missouri,1,8,9,1,7,2
Arkansas,2,6,8,0,8,0
Maine,1,5,6,1,0,6
Nebraska,2,4,6,0,3,3
Alaska,3,1,4,0,4,0
Connecticut,2,2,4,0,1,3
Louisiana,3,1,4,0,3,1
Hawaii,3,0,3,0,2,1
Rhode Island,3,0,3,0,1,2
Vermont,2,1,3,0,2,1
District of Columbia,1,1,2,0,1,1
Massachusetts,2,0,2,0,0,2
Nevada,0,2,2,0,2,0
Alabama,1,0,1,0,1,0
West Virginia,0,1,1,0,0,1
