week_start,PA_cases,SC_cases,TX_cases,UT_cases,AZ_cases,WI_cases
1/5/25,0,0,0,0,0,0
1/12/25,0,0,0,0,0,0
1/19/25,0,0,11,0,0,0
1/26/25,0,0,31,0,0,0
2/2/25,0,0,58,0,0,0
2/9/25,0,0,108,0,0,0
2/16/25,0,0,176,0,0,0
2/23/25,0,0,237,0,0,0
3/2/25,1,0,305,0,0,0
3/9/25,1,0,370,0,0,0
3/16/25,1,0,454,0,0,0
3/23/25,4,0,521,0,0,0
3/30/25,6,0,588,0,0,0
4/6/25,7,0,643,0,0,0
4/13/25,10,0,687,0,0,0
4/20/25,10,0,710,0,0,0
4/27/25,10,0,733,0,0,0
5/4/25,13,0,744,0,0,0
5/11/25,13,0,752,0,0,0
5/18/25,13,0,768,0,0,0
5/25/25,13,0,779,0,0,0
6/1/25,13,0,784,0,0,0
6/8/25,13,0,786,0,4,0
6/15/25,13,0,789,1,4,0
6/22/25,13,0,795,7,4,0
6/29/25,13,0,797,9,4,0
7/6/25,13,0,797,9,4,0
7/13/25,13,0,798,10,4,1
7/20/25,13,0,798,11,4,5
7/27/25,13,0,798,11,4,9
8/3/25,13,0,801,11,4,9
8/10/25,13,0,801,11,5,11
8/17/25,14,0,801,13,13,24
8/24/25,14,0,801,14,16,27
8/31/25,14,0,802,17,28,35
9/7/25,14,1,802,30,34,36
9/14/25,14,1,802,31,46,36
9/21/25,14,2,802,44,52,36
9/28/25,14,6,802,47,59,36
10/5/25,14,8,802,54,63,36
10/12/25,14,15,802,57,77,36
10/19/25,14,21,802,58,84,36
10/26/25,14,33,803,64,97,36
11/2/25,14,34,803,67,111,36
11/9/25,14,44,803,74,128,36
11/16/25,14,52,803,87,137,36
11/23/25,14,65,803,102,153,36
11/30/25,14,87,803,105,155,36
12/7/25,14,129,803,115,176,36
12/14/25,16,147,803,125,190,36
12/21/25,16,159,803,142,195,36
12/28/25,16,333,803,197,222,36
1/4/26,16,396,803,202,222,36
1/11/26,16,561,803,209,223,36
1/18/26,16,703,803,217,232,37
1/25/26,16,850,803,237,242,38
2/1/26,21,923,803,251,252,38
2/8/26,22,936,803,272,263,38
2/15/26,24,936,803,300,269,38
2/22/26,25,936,830,319,275,38
3/1/26,25,936,830,358,276,38
3/8/26,25,936,939,405,276,38
3/15/26,25,1000,950,443,278,38
3/22/26,25,1000,973,486,280,38
3/29/26,25,1000,978,559,291,38
4/5/26,25,1000,979,583,292,38
4/12/26,25,1001,983,602,299,38
4/19/26,25,1001,983,607,306,38
4/26/26,25,1001,984,625,308,38
5/3/26,36,1002,984,637,311,38
5/10/26,36,1002,984,662,315,38
5/17/26,36,1002,985,670,316,38
5/24/26,50,1002,985,673,317,38
5/31/26,73,1003,985,675,317,38
6/7/26,77,1004,985,679,317,38
6/14/26,80,1004,985,687,317,38
6/21/26,97,1004,985,696,319,38
6/28/26,102,1004,985,698,322,38
7/5/26,117,1004,985,703,330,38
7/12/26,124,1004,986,706,336,38
7/19/26,144,1004,991,711,341,38
7/26/26,180,1004,991,711,342,38
8/2/26,239,1004,994,713,343,38
8/9/26,308,1004,994,715,344,59
8/16/26,391,1004,994,715,344,79
8/23/26,473,1004,995,715,344,130
8/30/26,590,1004,995,715,344,174
9/6/26,689,1004,995,715,344,193
9/13/26,783,1004,995,715,345,194
9/20/26,905,1004,995,724,345,201
9/27/26,991,1004,995,724,345,270
10/4/26,1152,1004,995,724,345,293
